id,nombre,latitud,longitud,direccion,carril_bici_longitud
BICI-14626,CARRILBICI_29,36.72342044418452,-4.418162662751178,Calle Madre de Dios,284.1
BICI-14639,CARRILBICI_41.04,36.71532223220732,-4.499402310448708,Avenida de Blas Infante,222.4
BICI-14640,CARRILBICI_41.01,36.71819511805948,-4.499489424217595,Avenida de Blas Infante,269.7
BICI-14642,CARRILBICI_41.03,36.71626490785295,-4.498958154315848,Avenida de Blas Infante,208.5
BICI-14651,CARRILBICI_41.15,36.716878023635694,-4.468250689787097,Avenida de Blas Infante,278.5
BICI-14653,CARRILBICI_41.12,36.716744774429344,-4.4827861958381074,Avenida de Blas Infante,2141.4
BICI-14683,CARRILBICI_41.16,36.71715839707991,-4.497925713563805,Avenida de Blas Infante,203.3
BICI-14693,CARRILBICI_41.18,36.71607234374347,-4.495230597900353,Avenida de Blas Infante,256.8
BICI-14643,CARRILBICI_41.10,36.71627475627737,-4.495234521440249,Avenida de Blas Infante,274.6
BICI-14646,CARRILBICI_41.07,36.71859469421324,-4.49491496660326,Avenida de Blas Infante,91.5
BICI-14644,CARRILBICI_41.09,36.718414227626184,-4.494876279069224,Avenida de Blas Infante,54.7
BICI-14682,CARRILBICI_41.17,36.71768857027053,-4.496093107999318,Avenida de Blas Infante,210.9
BICI-14648,CARRILBICI_41.11,36.715900198611365,-4.494401020155336,Avenida de Blas Infante,111.2
BICI-14650,CARRILBICI_41.14,36.71663883453239,-4.4699121613145625,Avenida de Blas Infante,228.9
BICI-14641,CARRILBICI_41.05,36.71919134920275,-4.495680666554726,Avenida de Blas Infante,193.3
BICI-14645,CARRILBICI_41.06,36.719233973091434,-4.494927356965742,Avenida de Blas Infante,137.4
BICI-14647,CARRILBICI_41.08,36.716377744107696,-4.49424209771939,Avenida de Blas Infante,266.8
BICI-14649,CARRILBICI_41.13,36.714439806647306,-4.472032476796201,Avenida de Blas Infante,671.0
BICI-14652,CARRILBICI_41.19,36.71741211628599,-4.470977085901028,Avenida de Blas Infante,504.0
BICI-14676,CARRILBICI_27,36.718037779854164,-4.4291008855068705,Calle Armengual de la Mota,487.3
BICI-14669,CARRILBICI_04,36.72389443766722,-4.462841469970302,Calle Orson Welles,787.9
BICI-47694,CARRILBICI_49,36.71456728811169,-4.43083974720807,Calle Callejones del Perchel,230.7
BICI-47695,CARRILBICI_50,36.7160842643583,-4.429931869553429,Calle Callejones del Perchel,216.1
BICI-14691,CARRILBICI_36.03,36.702904955066295,-4.4457310102340335,Calle Sillita de la Reina,268.0
BICI-14692,CARRILBICI_36.02,36.70489210872191,-4.4467430122107015,Calle Sillita de la Reina,77.2
BICI-14688,CARRILBICI_36.01,36.70580355412909,-4.447557777702226,Calle Sillita de la Reina,100.4
BICI-14637,CARRILBICI_39,36.70931195340022,-4.444750891977984,Avenida de Juan Xxiii,620.8
BICI-14638,CARRILBICI_40,36.704074934484304,-4.441227504542443,Avenida de Juan Xxiii,408.7
BICI-14671,CARRILBICI_35,36.72488504023823,-4.491171473500209,Calle de Antonio Soler,809.1
BICI-14680,CARRILBICI_12,36.711882615871936,-4.430863343740611,Calle Explanada de la Estación,288.8
BICI-14657,CARRILBICI_28.02,36.71723503909792,-4.429874829721454,Avenida de Andalucía,774.6
BICI-14672,CARRILBICI_43,36.73320063041168,-4.476670598682249,Calle Lope de Rueda,1606.5
BICI-14695,CARRILBICI_14.02,36.71960571850031,-4.454017485425482,Calle Cómpeta,33.4
BICI-14689,CARRILBICI_14.03,36.719087436398176,-4.4495512526284084,Calle Cómpeta,396.0
BICI-14694,CARRILBICI_14.01,36.71986886510818,-4.454653911361072,Calle Cómpeta,134.2
BICI-47693,CARRILBICI_51,36.71425843184532,-4.431749398241499,Plaza de la Solidaridad,307.7
BICI-14629,CARRILBICI_30,36.727121802572604,-4.424485676102019,Calle Parras,738.2
BICI-14677,CARRILBICI_31,36.73876433967295,-4.424241303723029,Paseo Martiricos,2844.7
BICI-14675,CARRILBICI_26,36.72160519924234,-4.429077202830625,Calle Jaboneros,661.0
BICI-14659,CARRILBICI_37,36.683557875846084,-4.460780944156019,Calle Lexicógrafa María Moliner,727.5
BICI-14668,CARRILBICI_10,36.67898832619276,-4.4526927522970015,Avenida Manuel Alvar,1086.7
BICI-14665,CARRILBICI_01,36.726433334108435,-4.474436960105367,Avenida del Editor Ángel Caffarena,679.9
BICI-14661,CARRILBICI_07,36.71466365507867,-4.44247202283424,Calle Conde de Guadalhorce,312.4
BICI-14681,CARRILBICI_15,36.72041283916518,-4.449153073560111,Avenida de Santa Rosa de Lima,411.5
BICI-14636,CARRILBICI_28.01,36.71814758735101,-4.42204326351357,Alameda Principal,1535.1
BICI-14673,CARRILBICI_46,36.71474265445665,-4.4484614576840205,Calle Virgen de la Cabeza,922.2
BICI-14631,CARRILBICI_20,36.70034624120877,-4.43640052117953,Calle Princesa,643.8
BICI-14658,CARRILBICI_34,36.719290795467906,-4.506889376777376,Avenida Marcelino Camacho,521.7
BICI-14666,CARRILBICI_09,36.68060603182067,-4.448158257690525,Calle Pacífico,604.7
BICI-14655,CARRILBICI_25,36.72968735229292,-4.434233715921394,Avenida del Arroyo de los Ángeles,890.2
BICI-14662,CARRILBICI_08,36.71123518914448,-4.445548058256189,Avenida de José Ortega y Gasset,471.4
BICI-14678,CARRILBICI_45,36.72277368031844,-4.392737368185739,Paseo Marítimo Pablo Ruiz Picasso,1095.9
BICI-14679,CARRILBICI_44,36.7203038395024,-4.403931587469574,Paseo Marítimo Pablo Ruiz Picasso,917.2
BICI-14663,CARRILBICI_02,36.72555025243186,-4.484672340974276,Avenida María Victoria Atencia,938.3
BICI-14674,CARRILBICI_47,36.707976472437984,-4.435312305051269,Calle Héroe de Sostoa,1288.0
BICI-14685,CARRILBICI_21,36.69987384130714,-4.435561133460446,Paseo de Antonio Machado,2182.9
BICI-14632,CARRILBICI_19,36.7026003434222,-4.433735568197181,Paseo de Antonio Machado,1260.4
BICI-14635,CARRILBICI_24,36.721505338907804,-4.43949352907955,Calle Doctor Escassi,1076.3
BICI-14634,CARRILBICI_17,36.71617741313038,-4.4368198263180725,Calle Ingeniero de la Torre Acosta,834.0
BICI-14667,CARRILBICI_11,36.680880774481516,-4.460148444492537,Calle Miguel de Mérida Nicolich,263.0
BICI-14654,CARRILBICI_48,36.720922748836095,-4.411798333076868,Avenida de Cervantes,740.8
BICI-14687,CARRILBICI_42,36.73007322715837,-4.439480890117296,Calle Martínez de la Rosa,923.3
BICI-14686,CARRILBICI_23,36.721501080911764,-4.435699138289132,Calle Martínez Maldonado,950.8
BICI-14696,CARRILBICI_16.01,36.7188915024102,-4.449347898270347,Avenida del Obispo Ángel Herrera Oria,52.1
BICI-14690,CARRILBICI_16.03,36.71809554335047,-4.4383274998775075,Avenida del Obispo Ángel Herrera Oria,1023.4
BICI-14697,CARRILBICI_16.02,36.718906936100836,-4.448823197428339,Avenida del Obispo Ángel Herrera Oria,49.7
BICI-14630,CARRILBICI_38,36.72139543301178,-4.386117512629479,Calle Bolivia,698.1
BICI-14670,CARRILBICI_05,36.719805577448845,-4.462112208016838,Calle Mallarmé,222.1
BICI-14656,CARRILBICI_13,36.718648093595206,-4.46098794693497,Bulevar Louis Pasteur,1309.4
BICI-14633,CARRILBICI_18,36.70962593881638,-4.428021533428232,Avenida Ingeniero José María Garnica,235.2
BICI-14628,CARRILBICI_33,36.69222927790618,-4.486194495881646,Carretera Azucarera-intelhorce,2565.6
BICI-14627,CARRILBICI_32,36.70359910621323,-4.493069369031921,Carretera Azucarera-intelhorce,885.4
BICI-14664,CARRILBICI_03.02,36.726197009619966,-4.471953720888441,Avenida Pintor Manuel Barbadillo,208.3
BICI-14684,CARRILBICI_03.01,36.71808328027961,-4.467271861120604,Avenida Pintor Manuel Barbadillo,1607.8
BICI-14660,CARRILBICI_06,36.715652109023395,-4.438704912933758,Avenida de la Aurora,546.0
